user_id,name,email,age
00234e50-34eb-4ce2-94ec-26e3fa749796,Dan Altenwerth Jr.,Molly59@gmail.com,67
006bfede-724d-4cdd-a2a6-59700f40d0da,Glenda Wisozk,Miriam21@gmail.com,119
006e1f7f-90c2-45ad-8c1d-1275d594cc88,Daniel Fahey IV,Delia.Lesch11@hotmail.com,49
00af05c9-0a86-419e-8c2d-5fb7e899ae1c,Ronnie Bechtelar,Sandra19@yahoo.com,22
00cc08cc-62f4-4da1-b8e4-f5d9ef5dbbd4,Alma Bechtelar,Shelly_Balistreri22@hotmail.com,102
01df76ac-7c84-47e3-906b-9e63e5b0e6b2,Kelly Quigley,KellyQ@gmail.com,34
02ef87bd-5e4f-4f02-9af4-b9b7c51d6710,Alex Smith,Alex_Smith@yahoo.com,28
03af98dc-8c65-4563-b6f8-afe8e9b17231,Sophia Lee,SophiaLee@hotmail.com,45
fcee1fdd-001f-4698-bc34-28e4f15c98a5,Jane Miller,pat41@outlook.com,31
9bb2b2d8-5a50-46bf-8fef-161bd7610cca,Morgan Garcia,pat39@hotmail.com,90
0eeaa812-d2f4-4f0a-b369-7c85dda8b19f,Alex Miller,taylor60@gmail.com,101
c81762fc-2bdd-43fa-bc42-2583230995ab,Jane Davis,alex1@outlook.com,109
1f23a231-7655-4aa9-85c3-4644bd2c0d5a,Jane Wilson,morgan18@outlook.com,55
afa8385e-17d5-48a6-b6af-b1c0b85a6a69,Jordan Williams,jane44@gmail.com,31
28325ace-fd64-43d0-9787-1dfce7f6ca59,Jane Davis,morgan26@outlook.com,54
8affd162-d786-4231-90f3-31a23ab029c5,Emily Jones,jordan65@outlook.com,40
c3d7e80e-4006-4c5e-97b5-2dbb9fe22cfa,Jane Davis,chris86@gmail.com,79
db23c6f3-28aa-4018-ae60-f3513f34c8b5,Jane Johnson,emily30@outlook.com,30
54a28d50-1e95-47be-94fd-7c8af6e1c87d,Chris Williams,chris77@outlook.com,68
59d169a5-64ad-4c2a-94b3-2effa1580945,Jordan Williams,chris75@hotmail.com,106
cc94e30e-eafe-4c97-8fcd-a4f9f384dd50,Chris Jones,robin56@yahoo.com,47
a61edd77-c6d4-4557-99d8-a338eeba0ec7,Morgan Garcia,emily24@outlook.com,86
9fc35d1b-4b90-424f-9a81-0ea2b85a41a4,Alex Johnson,morgan92@gmail.com,87
8a457e0d-5f14-46a0-bf18-add279bffe6c,Alex Brown,emily88@hotmail.com,27
bb2b2a9d-d518-444a-98c4-4b44bff98ef2,Chris Garcia,john72@outlook.com,116
330c4499-19e5-464e-81a4-1222e00a343c,John Smith,jordan67@hotmail.com,67
86ffb35a-97c6-4e52-a7ce-899cf94e1097,Chris Williams,jane74@gmail.com,67
7690e7d2-2ae9-41aa-8465-7ca4e9077553,Jordan Brown,alex98@hotmail.com,40
5f9f9ff5-d8ea-49f2-9d45-8f8d32a2785a,Emily Lopez,john49@hotmail.com,55
b79fe3b6-b0b6-47be-a048-a582c8282906,Alex Davis,pat81@hotmail.com,80
82d9fe46-9d57-4d52-bf06-7ef24f5932a0,Morgan Williams,chris74@outlook.com,39
e0d03a21-c416-4d91-b8e0-b385f8e82ddd,Alex Smith,jane65@hotmail.com,116
36de73d9-b91e-456c-8c53-1158a64c9775,Emily Garcia,jordan35@hotmail.com,76
f3fa7f18-4252-4f73-b3e8-308f1f413d4a,Jordan Davis,chris34@outlook.com,118
a9f362a1-91ab-4abf-9435-2dfc98059cfc,Taylor Lopez,chris62@hotmail.com,76
121af6a5-27fc-4bba-87bc-61b3ed6c08ee,Morgan Jones,emily81@gmail.com,31
20d3268c-6127-405a-a373-ba1ca52086e7,Robin Wilson,emily35@gmail.com,21
698933d8-186c-4237-b21b-3661ee6663f3,Jane Miller,jordan30@yahoo.com,69
877c3414-1f83-47f0-9e30-8838431ee222,Robin Johnson,alex72@gmail.com,66
4b3f5d02-10b9-4818-a655-7d5dbc267ac8,John Davis,jane13@yahoo.com,44
aed9dd51-f91e-4dbb-86f5-871baf3cffed,Morgan Brown,john27@gmail.com,35
bb8de510-56fb-4b3e-964d-c97d0ebd25a7,Emily Smith,john96@outlook.com,112
2a01bf39-08ac-4013-95ab-fdb12f0e76a5,Jordan Brown,john9@gmail.com,34
7638b52a-4c5a-44b8-9ef5-7064ab33224c,Jordan Wilson,jane38@outlook.com,91
56764f63-d61b-4336-afa9-039b6a173497,Alex Johnson,chris62@outlook.com,81
ec6b4e7a-7629-4b5a-b4d4-7f56a0f800a5,Taylor Brown,taylor91@outlook.com,90
378465ac-54ea-4e94-93dd-d82d8af4cb34,Emily Smith,morgan16@gmail.com,61
c5a93b52-ed9b-496d-8f5d-1d0a9d78e31a,Chris Smith,chris62@hotmail.com,70
6b3e2b8b-adb5-4653-aea3-992707afd764,Jordan Garcia,chris66@yahoo.com,41
101edcac-9009-466a-b4e8-db9b21cabb15,Jane Jones,alex28@gmail.com,116
7aa4dad5-e202-485e-beba-2bb5e92a4989,Taylor Davis,emily21@hotmail.com,50
40ece878-fd00-46f3-b3ed-5f64ee1c2ca3,Chris Wilson,pat7@hotmail.com,71
35859dcc-be3d-4346-84b6-8439e0941d84,John Jones,emily69@yahoo.com,114
9c11c28b-98d1-4f68-aea6-99d26b25037e,John Wilson,robin13@gmail.com,44
18294f01-52fa-442b-8aca-9e2aeba0974b,Jane Wilson,emily5@hotmail.com,58
6f591b49-3b98-4e29-8683-c05766656792,Pat Smith,chris6@hotmail.com,38
0fee5b57-b53e-433b-9057-1b762793c73c,Robin Davis,robin22@outlook.com,23
b5c5674a-030f-4b16-8372-b73a3dbb9076,Morgan Smith,pat9@outlook.com,68
abcc7528-7a4e-40b0-a847-3bdb0dbf5248,Alex Smith,jordan16@outlook.com,68
75ba654a-3381-41d1-bd9f-37643960e349,Taylor Smith,jordan78@hotmail.com,65
88ec7d67-89fc-49b1-a3f1-0eb82cf4945a,Robin Garcia,alex66@yahoo.com,118
3a10406f-e8d2-4f14-b1f7-945c4ef5c86e,Morgan Jones,emily13@outlook.com,66
e6393dc3-96fd-40c3-913d-bfefcd37b141,Jane Davis,emily95@gmail.com,57
75a3f29f-6aa6-4914-9067-4aa6676bfd12,Robin Jones,jane23@outlook.com,37
25d5f527-aa54-4e48-9e61-9ef0ea6926b9,John Garcia,robin28@hotmail.com,117
1b82529e-8592-4b84-8d5e-0561c92eadfb,Taylor Garcia,morgan37@gmail.com,65
c82f76a1-9dca-439c-a7aa-83c0ccba7827,Jordan Lopez,morgan57@hotmail.com,48
a2cb8636-1c57-4e5a-8d12-36068d1215a4,Robin Lopez,jane56@hotmail.com,102
071aeaaa-ed0b-4a56-b49b-1c6019190740,Pat Williams,emily87@hotmail.com,95
8d579cb3-eb0e-408a-adb0-3044a514b276,Pat Miller,morgan15@yahoo.com,79
1df01564-c32a-4232-9800-0beb512a8fb5,John Jones,jane30@yahoo.com,22
9cecc2df-cdf0-4020-9c7d-8fb53717c9a6,Taylor Garcia,chris70@hotmail.com,69
d3c2cb7c-ea61-48bc-9b39-27412788c315,Jordan Brown,jordan14@outlook.com,62
9c3d063e-13b9-4ed5-b693-39e0288892be,Robin Davis,pat21@yahoo.com,116
86c55140-6c57-4b8f-976e-5e5cf0d1e17d,Jordan Williams,jane57@outlook.com,40
8fa5104b-5159-4d1f-ab53-810cfe825da0,John Williams,emily86@hotmail.com,44
2d990f14-37d6-4902-be26-479c4b36976e,Jordan Johnson,pat18@gmail.com,60
8b2d8432-94ef-489b-97d4-77b8caf6588f,Emily Brown,alex74@hotmail.com,100
7e5f5716-4e0f-4e33-b79e-e8c55ec63baa,John Davis,taylor34@outlook.com,43
7e711c8e-2736-4b76-adf8-a49401301309,Jane Miller,emily6@outlook.com,31
45185bf3-7fa7-46e9-bd11-2c1c3d859f2b,Jane Johnson,emily33@hotmail.com,94
2cff8f62-d102-4cd5-9aeb-a03981014056,Jordan Smith,morgan42@outlook.com,32
2e6199db-8bc9-471d-a627-2075ccef439a,Robin Miller,robin29@hotmail.com,83
ef0626a2-b8df-427d-a81a-5b0651d3c546,Morgan Davis,alex76@yahoo.com,27
844afdbb-bbf9-4821-b79f-7ff522a5e591,Pat Williams,jane44@hotmail.com,81
fa8f8e88-114d-44fe-a579-1eaaf450f13a,Taylor Jones,alex94@yahoo.com,21
00b5d78c-e37c-45a1-8df0-8976db56beb5,Jane Jones,taylor49@yahoo.com,107
87fd9775-c15a-419f-a5fb-77418845cece,Jordan Smith,alex69@hotmail.com,89
7748fbaa-3ff9-4a35-834e-702daf0b79a9,Pat Lopez,john22@outlook.com,29
c898830c-0acd-4801-b85f-a0fe3ede1860,John Jones,alex73@outlook.com,26
f593d323-aede-4b2c-8293-7e58d3c24843,Taylor Johnson,alex63@hotmail.com,110
37ff7680-5df8-4afa-980d-4dc78271a76b,Alex Jones,jane89@outlook.com,120
059076ef-fcaf-4fc7-b2e5-dcbbe5ffe8f0,Taylor Lopez,chris34@yahoo.com,118
7d59c772-1a7e-42e1-a910-ef8ecb108862,Jane Jones,pat26@yahoo.com,66
a9491f99-d14d-48fe-b23b-1efad1ce6a53,Taylor Jones,robin2@gmail.com,40
fa5b04b5-bc99-4ba0-82da-2779cbe649d7,Robin Smith,emily18@gmail.com,69
b9c67a75-4922-43b5-90fc-5726ad274fbb,Morgan Davis,jane17@outlook.com,24
33b45e63-bba9-44a0-bbc3-ee9861f79e28,Morgan Jones,taylor18@yahoo.com,58
b787700b-f6f5-4b4b-961e-1c70a092f31d,Emily Jones,jane48@yahoo.com,88
1bb99e25-c6ee-4d1f-8059-a28b64f57880,Alex Brown,taylor35@gmail.com,20
7b356a06-19ab-452d-9659-6bcc7be985a4,Emily Garcia,robin15@outlook.com,30
1bf152c7-169d-4b77-9f05-8577aed37b01,Robin Wilson,pat20@hotmail.com,69
f627c8ae-e54a-4eb9-94a4-dd11b31c953a,Taylor Miller,taylor49@outlook.com,117
7131ff13-4b96-4ead-8cd9-b34d0b7da447,Jordan Miller,emily6@outlook.com,54
53705805-eb8d-4076-91d3-b6a616bb8c6d,Chris Lopez,jordan46@outlook.com,27
837ad3a8-a7de-4086-9d74-8821e8ea2405,Jordan Johnson,alex75@gmail.com,103
f1b330c6-0eb2-4a0a-9a26-810b7f029a2d,Alex Miller,pat14@gmail.com,78
60630763-3e4c-4598-913a-bdbf9a763a09,Alex Garcia,emily40@gmail.com,81
